<Paper>
<PaperType>Long oral/Short oral</PaperType> <!-- select one of the paper types, e.g. Long/Short Oral -->
<PaperID>xxx</PaperID> <!-- Use the id in EasyChair system -->
<Title> Paper Title </Title> 
<Authors>John Citizen, Daming Chen </Authors> <!-- First (Given) and Last (Family) names of each author.  -->
<CorrespondingAuthor>John Citizen</CorrespondingAuthor>
<CorrespondingAuthorEmail>John.Citizen@email.com</CorrespondingAuthorEmail>
<AbbreviatedRunningHead >Abbreviated Running Head</AbbreviatedRunningHead>
</Paper>